area,date,price
"Zip 92610",1996-04,115600
"Zip 92610",1996-05,116200
"Zip 92610",1996-06,116900
"Zip 92610",1996-07,117600
"Zip 92610",1996-08,119400
"Zip 92610",1996-09,122200
"Zip 92610",1996-10,124400
"Zip 92610",1996-11,125100
"Zip 92610",1996-12,124700
"Zip 92610",1997-01,124500
"Zip 92610",1997-02,123900
"Zip 92610",1997-03,122200
"Zip 92610",1997-04,120600
"Zip 92610",1997-05,120700
"Zip 92610",1997-06,122200
"Zip 92610",1997-07,123200
"Zip 92610",1997-08,123400
"Zip 92610",1997-09,123800
"Zip 92610",1997-10,125100
"Zip 92610",1997-11,126200
"Zip 92610",1997-12,127200
"Zip 92610",1998-01,128500
"Zip 92610",1998-02,129400
"Zip 92610",1998-03,131500
"Zip 92610",1998-04,
"Zip 92610",1998-05,
"Zip 92610",1998-06,
"Zip 92610",1998-07,135700
"Zip 92610",1998-08,138500
"Zip 92610",1998-09,138500
"Zip 92610",1998-10,139300
"Zip 92610",1998-11,141600
"Zip 92610",1998-12,143800
"Zip 92610",1999-01,144400
"Zip 92610",1999-02,143600
"Zip 92610",1999-03,143500
"Zip 92610",1999-04,144500
"Zip 92610",1999-05,146700
"Zip 92610",1999-06,149900
"Zip 92610",1999-07,151800
"Zip 92610",1999-08,151600
"Zip 92610",1999-09,151600
"Zip 92610",1999-10,153600
"Zip 92610",1999-11,155700
"Zip 92610",1999-12,157200
"Zip 92610",2000-01,159300
"Zip 92610",2000-02,163600
"Zip 92610",2000-03,167000
"Zip 92610",2000-04,169300
"Zip 92610",2000-05,172000
"Zip 92610",2000-06,174800
"Zip 92610",2000-07,176000
"Zip 92610",2000-08,177400
"Zip 92610",2000-09,180000
"Zip 92610",2000-10,182200
"Zip 92610",2000-11,183400
"Zip 92610",2000-12,185400
"Zip 92610",2001-01,187800
"Zip 92610",2001-02,189700
"Zip 92610",2001-03,191800
"Zip 92610",2001-04,195000
"Zip 92610",2001-05,198600
"Zip 92610",2001-06,203200
"Zip 92610",2001-07,207600
"Zip 92610",2001-08,211100
"Zip 92610",2001-09,215300
"Zip 92610",2001-10,220600
"Zip 92610",2001-11,224500
"Zip 92610",2001-12,226300
"Zip 92610",2002-01,227300
"Zip 92610",2002-02,227700
"Zip 92610",2002-03,226200
"Zip 92610",2002-04,224500
"Zip 92610",2002-05,224800
"Zip 92610",2002-06,225100
"Zip 92610",2002-07,226300
"Zip 92610",2002-08,232300
"Zip 92610",2002-09,237700
"Zip 92610",2002-10,239100
"Zip 92610",2002-11,241200
"Zip 92610",2002-12,245500
"Zip 92610",2003-01,249900
"Zip 92610",2003-02,254900
"Zip 92610",2003-03,259600
"Zip 92610",2003-04,262900
"Zip 92610",2003-05,265600
"Zip 92610",2003-06,268000
"Zip 92610",2003-07,270500
"Zip 92610",2003-08,274900
"Zip 92610",2003-09,281900
"Zip 92610",2003-10,289000
"Zip 92610",2003-11,296100
"Zip 92610",2003-12,302900
"Zip 92610",2004-01,311000
"Zip 92610",2004-02,320600
"Zip 92610",2004-03,335800
"Zip 92610",2004-04,352700
"Zip 92610",2004-05,367500
"Zip 92610",2004-06,379700
"Zip 92610",2004-07,392200
"Zip 92610",2004-08,398800
"Zip 92610",2004-09,400000
"Zip 92610",2004-10,399000
"Zip 92610",2004-11,398000
"Zip 92610",2004-12,397800
"Zip 92610",2005-01,398000
"Zip 92610",2005-02,397800
"Zip 92610",2005-03,399100
"Zip 92610",2005-04,402500
"Zip 92610",2005-05,405000
"Zip 92610",2005-06,405100
"Zip 92610",2005-07,406000
"Zip 92610",2005-08,410400
"Zip 92610",2005-09,416900
"Zip 92610",2005-10,423000
"Zip 92610",2005-11,427200
"Zip 92610",2005-12,430100
"Zip 92610",2006-01,433700
"Zip 92610",2006-02,438100
"Zip 92610",2006-03,440500
"Zip 92610",2006-04,441800
"Zip 92610",2006-05,441100
"Zip 92610",2006-06,439500
"Zip 92610",2006-07,434200
"Zip 92610",2006-08,425400
"Zip 92610",2006-09,419900
"Zip 92610",2006-10,421700
"Zip 92610",2006-11,423700
"Zip 92610",2006-12,426000
"Zip 92610",2007-01,429300
"Zip 92610",2007-02,427500
"Zip 92610",2007-03,422100
"Zip 92610",2007-04,417500
"Zip 92610",2007-05,412000
"Zip 92610",2007-06,407800
"Zip 92610",2007-07,408800
"Zip 92610",2007-08,408900
"Zip 92610",2007-09,404500
"Zip 92610",2007-10,397600
"Zip 92610",2007-11,390700
"Zip 92610",2007-12,385300
"Zip 92610",2008-01,380400
"Zip 92610",2008-02,374200
"Zip 92610",2008-03,367700
"Zip 92610",2008-04,363100
"Zip 92610",2008-05,358900
"Zip 92610",2008-06,351500
"Zip 92610",2008-07,342500
"Zip 92610",2008-08,335200
"Zip 92610",2008-09,326300
"Zip 92610",2008-10,315100
"Zip 92610",2008-11,305800
"Zip 92610",2008-12,298300
"Zip 92610",2009-01,290600
"Zip 92610",2009-02,285300
"Zip 92610",2009-03,277900
"Zip 92610",2009-04,268900
"Zip 92610",2009-05,263400
"Zip 92610",2009-06,263500
"Zip 92610",2009-07,261500
"Zip 92610",2009-08,257500
"Zip 92610",2009-09,254600
"Zip 92610",2009-10,254300
"Zip 92610",2009-11,253800
"Zip 92610",2009-12,250500
"Zip 92610",2010-01,246200
"Zip 92610",2010-02,245700
"Zip 92610",2010-03,248300
"Zip 92610",2010-04,247400
"Zip 92610",2010-05,247500
"Zip 92610",2010-06,249100
"Zip 92610",2010-07,247600
"Zip 92610",2010-08,242900
"Zip 92610",2010-09,238100
"Zip 92610",2010-10,235500
"Zip 92610",2010-11,235200
"Zip 92610",2010-12,232900
"Zip 92610",2011-01,228600
"Zip 92610",2011-02,226300
"Zip 92610",2011-03,225600
"Zip 92610",2011-04,225200
"Zip 92610",2011-05,224700
"Zip 92610",2011-06,221600
"Zip 92610",2011-07,219500
"Zip 92610",2011-08,219700
"Zip 92610",2011-09,222200
"Zip 92610",2011-10,225100
"Zip 92610",2011-11,227300
"Zip 92610",2011-12,229300
"Zip 92610",2012-01,231300
"Zip 92610",2012-02,231200
"Zip 92610",2012-03,231600
"Zip 92610",2012-04,235000
"Zip 92610",2012-05,235900
"Zip 92610",2012-06,234500
"Zip 92610",2012-07,234000
"Zip 92610",2012-08,237400
"Zip 92610",2012-09,242900
"Zip 92610",2012-10,248300
"Zip 92610",2012-11,253500
"Zip 92610",2012-12,260500
"Zip 92610",2013-01,268400
"Zip 92610",2013-02,271300
"Zip 92610",2013-03,270700
"Zip 92610",2013-04,269900
"Zip 92610",2013-05,272100
"Zip 92610",2013-06,279600
"Zip 92610",2013-07,295100
"Zip 92610",2013-08,310700
"Zip 92610",2013-09,323100
"Zip 92610",2013-10,329400
"Zip 92610",2013-11,330500
"Zip 92610",2013-12,329200
"Zip 92610",2014-01,328300
"Zip 92610",2014-02,328800
"Zip 92610",2014-03,332500
"Zip 92610",2014-04,336200
"Zip 92610",2014-05,336100
"Zip 92610",2014-06,334500
"Zip 92610",2014-07,331900
"Zip 92610",2014-08,329000
"Zip 92610",2014-09,328600
"Zip 92610",2014-10,329600
"Zip 92610",2014-11,329100
"Zip 92610",2014-12,329600
"Zip 92610",2015-01,332700
"Zip 92610",2015-02,336900
"Zip 92610",2015-03,340600
"Zip 92610",2015-04,344500
"Zip 92610",2015-05,348200
"Zip 92610",2015-06,349700
"Zip 92610",2015-07,351400
"Zip 92610",2015-08,354900
"Zip 92610",2015-09,354600
"Zip 92610",2015-10,350500
"Zip 92610",2015-11,350600
"Zip 92610",2015-12,355100
"Zip 92610",2016-01,357900
"Zip 92610",2016-02,359300
"Zip 92610",2016-03,360400
"Zip 92610",2016-04,360400
"Zip 92610",2016-05,362000
"Zip 92610",2016-06,367900
"Zip 92610",2016-07,371100
"Zip 92610",2016-08,368900
"Zip 92610",2016-09,366100
"Zip 92610",2016-10,365000
"Zip 92610",2016-11,365500
"Zip 92610",2016-12,370000
"Zip 92610",2017-01,376900
"Zip 92610",2017-02,382400
"Zip 92610",2017-03,386100
"Zip 92610",2017-04,392400
"Zip 92610",2017-05,399700
"Zip 92610",2017-06,
"Orange County",1996-04,137700
"Orange County",1996-05,137000
"Orange County",1996-06,137100
"Orange County",1996-07,137600
"Orange County",1996-08,138000
"Orange County",1996-09,138200
"Orange County",1996-10,138400
"Orange County",1996-11,138800
"Orange County",1996-12,139400
"Orange County",1997-01,139700
"Orange County",1997-02,140000
"Orange County",1997-03,140000
"Orange County",1997-04,139900
"Orange County",1997-05,140300
"Orange County",1997-06,140900
"Orange County",1997-07,141300
"Orange County",1997-08,141900
"Orange County",1997-09,143100
"Orange County",1997-10,144200
"Orange County",1997-11,145200
"Orange County",1997-12,146300
"Orange County",1998-01,147300
"Orange County",1998-02,147800
"Orange County",1998-03,151300
"Orange County",1998-04,
"Orange County",1998-05,
"Orange County",1998-06,
"Orange County",1998-07,156800
"Orange County",1998-08,160400
"Orange County",1998-09,161300
"Orange County",1998-10,162200
"Orange County",1998-11,162700
"Orange County",1998-12,163800
"Orange County",1999-01,164900
"Orange County",1999-02,166500
"Orange County",1999-03,168600
"Orange County",1999-04,170100
"Orange County",1999-05,171300
"Orange County",1999-06,172300
"Orange County",1999-07,172600
"Orange County",1999-08,172800
"Orange County",1999-09,173800
"Orange County",1999-10,175900
"Orange County",1999-11,178500
"Orange County",1999-12,180400
"Orange County",2000-01,182400
"Orange County",2000-02,184400
"Orange County",2000-03,186100
"Orange County",2000-04,187900
"Orange County",2000-05,190400
"Orange County",2000-06,192300
"Orange County",2000-07,193600
"Orange County",2000-08,195300
"Orange County",2000-09,197700
"Orange County",2000-10,200200
"Orange County",2000-11,202700
"Orange County",2000-12,205400
"Orange County",2001-01,208300
"Orange County",2001-02,210900
"Orange County",2001-03,213300
"Orange County",2001-04,216100
"Orange County",2001-05,218900
"Orange County",2001-06,220900
"Orange County",2001-07,223000
"Orange County",2001-08,225400
"Orange County",2001-09,227900
"Orange County",2001-10,230300
"Orange County",2001-11,232800
"Orange County",2001-12,235300
"Orange County",2002-01,238000
"Orange County",2002-02,240500
"Orange County",2002-03,242400
"Orange County",2002-04,245000
"Orange County",2002-05,248900
"Orange County",2002-06,253000
"Orange County",2002-07,256900
"Orange County",2002-08,261400
"Orange County",2002-09,266200
"Orange County",2002-10,270700
"Orange County",2002-11,275200
"Orange County",2002-12,279500
"Orange County",2003-01,283700
"Orange County",2003-02,288100
"Orange County",2003-03,292800
"Orange County",2003-04,296800
"Orange County",2003-05,300100
"Orange County",2003-06,303300
"Orange County",2003-07,307300
"Orange County",2003-08,312400
"Orange County",2003-09,318300
"Orange County",2003-10,325100
"Orange County",2003-11,332700
"Orange County",2003-12,341000
"Orange County",2004-01,349600
"Orange County",2004-02,358100
"Orange County",2004-03,367700
"Orange County",2004-04,379400
"Orange County",2004-05,392000
"Orange County",2004-06,404500
"Orange County",2004-07,415400
"Orange County",2004-08,424400
"Orange County",2004-09,431200
"Orange County",2004-10,436100
"Orange County",2004-11,439400
"Orange County",2004-12,442100
"Orange County",2005-01,444800
"Orange County",2005-02,448100
"Orange County",2005-03,452800
"Orange County",2005-04,458500
"Orange County",2005-05,464400
"Orange County",2005-06,470200
"Orange County",2005-07,476900
"Orange County",2005-08,484200
"Orange County",2005-09,491800
"Orange County",2005-10,499300
"Orange County",2005-11,506400
"Orange County",2005-12,512300
"Orange County",2006-01,517500
"Orange County",2006-02,522400
"Orange County",2006-03,526500
"Orange County",2006-04,529100
"Orange County",2006-05,530100
"Orange County",2006-06,530000
"Orange County",2006-07,528900
"Orange County",2006-08,527000
"Orange County",2006-09,525000
"Orange County",2006-10,522800
"Orange County",2006-11,520600
"Orange County",2006-12,518400
"Orange County",2007-01,516500
"Orange County",2007-02,514700
"Orange County",2007-03,512100
"Orange County",2007-04,508200
"Orange County",2007-05,504000
"Orange County",2007-06,499500
"Orange County",2007-07,494200
"Orange County",2007-08,488300
"Orange County",2007-09,482200
"Orange County",2007-10,477100
"Orange County",2007-11,472300
"Orange County",2007-12,466100
"Orange County",2008-01,459600
"Orange County",2008-02,453100
"Orange County",2008-03,443800
"Orange County",2008-04,433000
"Orange County",2008-05,422400
"Orange County",2008-06,413500
"Orange County",2008-07,406400
"Orange County",2008-08,399700
"Orange County",2008-09,393000
"Orange County",2008-10,386700
"Orange County",2008-11,380200
"Orange County",2008-12,372200
"Orange County",2009-01,362700
"Orange County",2009-02,354100
"Orange County",2009-03,347900
"Orange County",2009-04,342500
"Orange County",2009-05,338200
"Orange County",2009-06,335900
"Orange County",2009-07,334300
"Orange County",2009-08,332600
"Orange County",2009-09,331100
"Orange County",2009-10,329700
"Orange County",2009-11,327700
"Orange County",2009-12,328000
"Orange County",2010-01,329900
"Orange County",2010-02,331200
"Orange County",2010-03,332200
"Orange County",2010-04,334600
"Orange County",2010-05,335500
"Orange County",2010-06,334200
"Orange County",2010-07,332700
"Orange County",2010-08,331600
"Orange County",2010-09,329700
"Orange County",2010-10,328300
"Orange County",2010-11,328400
"Orange County",2010-12,328600
"Orange County",2011-01,327900
"Orange County",2011-02,326000
"Orange County",2011-03,322600
"Orange County",2011-04,319200
"Orange County",2011-05,317000
"Orange County",2011-06,314000
"Orange County",2011-07,310400
"Orange County",2011-08,307600
"Orange County",2011-09,305900
"Orange County",2011-10,303800
"Orange County",2011-11,302100
"Orange County",2011-12,301300
"Orange County",2012-01,301600
"Orange County",2012-02,302100
"Orange County",2012-03,302100
"Orange County",2012-04,302200
"Orange County",2012-05,303100
"Orange County",2012-06,304500
"Orange County",2012-07,306700
"Orange County",2012-08,310400
"Orange County",2012-09,314600
"Orange County",2012-10,318000
"Orange County",2012-11,321300
"Orange County",2012-12,325400
"Orange County",2013-01,330700
"Orange County",2013-02,337600
"Orange County",2013-03,346300
"Orange County",2013-04,355500
"Orange County",2013-05,364400
"Orange County",2013-06,372300
"Orange County",2013-07,378300
"Orange County",2013-08,382900
"Orange County",2013-09,388600
"Orange County",2013-10,394500
"Orange County",2013-11,399500
"Orange County",2013-12,402100
"Orange County",2014-01,403400
"Orange County",2014-02,405200
"Orange County",2014-03,408900
"Orange County",2014-04,411700
"Orange County",2014-05,413300
"Orange County",2014-06,414500
"Orange County",2014-07,415100
"Orange County",2014-08,416000
"Orange County",2014-09,417300
"Orange County",2014-10,418000
"Orange County",2014-11,419300
"Orange County",2014-12,421500
"Orange County",2015-01,423100
"Orange County",2015-02,424600
"Orange County",2015-03,427000
"Orange County",2015-04,430000
"Orange County",2015-05,433000
"Orange County",2015-06,435300
"Orange County",2015-07,437800
"Orange County",2015-08,440500
"Orange County",2015-09,442900
"Orange County",2015-10,445000
"Orange County",2015-11,446800
"Orange County",2015-12,448200
"Orange County",2016-01,450100
"Orange County",2016-02,452300
"Orange County",2016-03,453700
"Orange County",2016-04,454300
"Orange County",2016-05,455100
"Orange County",2016-06,460800
"Orange County",2016-07,468300
"Orange County",2016-08,472100
"Orange County",2016-09,473200
"Orange County",2016-10,475900
"Orange County",2016-11,478800
"Orange County",2016-12,481700
"Orange County",2017-01,484700
"Orange County",2017-02,486900
"Orange County",2017-03,488000
"Orange County",2017-04,489000
"Orange County",2017-05,490100
"Orange County",2017-06,
"LA-LB-Anaheim",1996-04,133300
"LA-LB-Anaheim",1996-05,133200
"LA-LB-Anaheim",1996-06,132800
"LA-LB-Anaheim",1996-07,132100
"LA-LB-Anaheim",1996-08,131700
"LA-LB-Anaheim",1996-09,131800
"LA-LB-Anaheim",1996-10,131700
"LA-LB-Anaheim",1996-11,131700
"LA-LB-Anaheim",1996-12,132100
"LA-LB-Anaheim",1997-01,132800
"LA-LB-Anaheim",1997-02,133400
"LA-LB-Anaheim",1997-03,134000
"LA-LB-Anaheim",1997-04,134500
"LA-LB-Anaheim",1997-05,134700
"LA-LB-Anaheim",1997-06,134600
"LA-LB-Anaheim",1997-07,134600
"LA-LB-Anaheim",1997-08,134800
"LA-LB-Anaheim",1997-09,135300
"LA-LB-Anaheim",1997-10,136100
"LA-LB-Anaheim",1997-11,136700
"LA-LB-Anaheim",1997-12,137300
"LA-LB-Anaheim",1998-01,138400
"LA-LB-Anaheim",1998-02,140000
"LA-LB-Anaheim",1998-03,140500
"LA-LB-Anaheim",1998-04,140100
"LA-LB-Anaheim",1998-05,140100
"LA-LB-Anaheim",1998-06,141900
"LA-LB-Anaheim",1998-07,144300
"LA-LB-Anaheim",1998-08,145800
"LA-LB-Anaheim",1998-09,146600
"LA-LB-Anaheim",1998-10,148100
"LA-LB-Anaheim",1998-11,149400
"LA-LB-Anaheim",1998-12,150400
"LA-LB-Anaheim",1999-01,151200
"LA-LB-Anaheim",1999-02,151900
"LA-LB-Anaheim",1999-03,152900
"LA-LB-Anaheim",1999-04,153900
"LA-LB-Anaheim",1999-05,154700
"LA-LB-Anaheim",1999-06,155200
"LA-LB-Anaheim",1999-07,155900
"LA-LB-Anaheim",1999-08,156700
"LA-LB-Anaheim",1999-09,157800
"LA-LB-Anaheim",1999-10,159100
"LA-LB-Anaheim",1999-11,160700
"LA-LB-Anaheim",1999-12,162200
"LA-LB-Anaheim",2000-01,164000
"LA-LB-Anaheim",2000-02,165800
"LA-LB-Anaheim",2000-03,167700
"LA-LB-Anaheim",2000-04,169500
"LA-LB-Anaheim",2000-05,171100
"LA-LB-Anaheim",2000-06,172200
"LA-LB-Anaheim",2000-07,173500
"LA-LB-Anaheim",2000-08,174900
"LA-LB-Anaheim",2000-09,176200
"LA-LB-Anaheim",2000-10,177600
"LA-LB-Anaheim",2000-11,179500
"LA-LB-Anaheim",2000-12,181500
"LA-LB-Anaheim",2001-01,183700
"LA-LB-Anaheim",2001-02,186100
"LA-LB-Anaheim",2001-03,188400
"LA-LB-Anaheim",2001-04,190400
"LA-LB-Anaheim",2001-05,192500
"LA-LB-Anaheim",2001-06,194400
"LA-LB-Anaheim",2001-07,196000
"LA-LB-Anaheim",2001-08,197700
"LA-LB-Anaheim",2001-09,199500
"LA-LB-Anaheim",2001-10,201700
"LA-LB-Anaheim",2001-11,204100
"LA-LB-Anaheim",2001-12,206600
"LA-LB-Anaheim",2002-01,209300
"LA-LB-Anaheim",2002-02,211900
"LA-LB-Anaheim",2002-03,214300
"LA-LB-Anaheim",2002-04,217000
"LA-LB-Anaheim",2002-05,220400
"LA-LB-Anaheim",2002-06,224000
"LA-LB-Anaheim",2002-07,227900
"LA-LB-Anaheim",2002-08,231900
"LA-LB-Anaheim",2002-09,236200
"LA-LB-Anaheim",2002-10,240200
"LA-LB-Anaheim",2002-11,244000
"LA-LB-Anaheim",2002-12,248400
"LA-LB-Anaheim",2003-01,252800
"LA-LB-Anaheim",2003-02,257100
"LA-LB-Anaheim",2003-03,261300
"LA-LB-Anaheim",2003-04,265500
"LA-LB-Anaheim",2003-05,269400
"LA-LB-Anaheim",2003-06,273200
"LA-LB-Anaheim",2003-07,277700
"LA-LB-Anaheim",2003-08,283200
"LA-LB-Anaheim",2003-09,288900
"LA-LB-Anaheim",2003-10,294500
"LA-LB-Anaheim",2003-11,300600
"LA-LB-Anaheim",2003-12,306800
"LA-LB-Anaheim",2004-01,313000
"LA-LB-Anaheim",2004-02,320000
"LA-LB-Anaheim",2004-03,328300
"LA-LB-Anaheim",2004-04,337800
"LA-LB-Anaheim",2004-05,348400
"LA-LB-Anaheim",2004-06,359500
"LA-LB-Anaheim",2004-07,369400
"LA-LB-Anaheim",2004-08,377300
"LA-LB-Anaheim",2004-09,383300
"LA-LB-Anaheim",2004-10,387900
"LA-LB-Anaheim",2004-11,391800
"LA-LB-Anaheim",2004-12,395600
"LA-LB-Anaheim",2005-01,399900
"LA-LB-Anaheim",2005-02,404900
"LA-LB-Anaheim",2005-03,410400
"LA-LB-Anaheim",2005-04,416700
"LA-LB-Anaheim",2005-05,423400
"LA-LB-Anaheim",2005-06,429900
"LA-LB-Anaheim",2005-07,436800
"LA-LB-Anaheim",2005-08,444600
"LA-LB-Anaheim",2005-09,452700
"LA-LB-Anaheim",2005-10,460300
"LA-LB-Anaheim",2005-11,467400
"LA-LB-Anaheim",2005-12,473100
"LA-LB-Anaheim",2006-01,476700
"LA-LB-Anaheim",2006-02,479200
"LA-LB-Anaheim",2006-03,482000
"LA-LB-Anaheim",2006-04,484300
"LA-LB-Anaheim",2006-05,486000
"LA-LB-Anaheim",2006-06,487500
"LA-LB-Anaheim",2006-07,488500
"LA-LB-Anaheim",2006-08,488700
"LA-LB-Anaheim",2006-09,488600
"LA-LB-Anaheim",2006-10,488200
"LA-LB-Anaheim",2006-11,487800
"LA-LB-Anaheim",2006-12,486500
"LA-LB-Anaheim",2007-01,485000
"LA-LB-Anaheim",2007-02,484400
"LA-LB-Anaheim",2007-03,484200
"LA-LB-Anaheim",2007-04,483000
"LA-LB-Anaheim",2007-05,481000
"LA-LB-Anaheim",2007-06,477900
"LA-LB-Anaheim",2007-07,474700
"LA-LB-Anaheim",2007-08,471100
"LA-LB-Anaheim",2007-09,467100
"LA-LB-Anaheim",2007-10,463400
"LA-LB-Anaheim",2007-11,459000
"LA-LB-Anaheim",2007-12,452000
"LA-LB-Anaheim",2008-01,443700
"LA-LB-Anaheim",2008-02,435600
"LA-LB-Anaheim",2008-03,426900
"LA-LB-Anaheim",2008-04,416800
"LA-LB-Anaheim",2008-05,406500
"LA-LB-Anaheim",2008-06,396800
"LA-LB-Anaheim",2008-07,387500
"LA-LB-Anaheim",2008-08,378900
"LA-LB-Anaheim",2008-09,371800
"LA-LB-Anaheim",2008-10,365600
"LA-LB-Anaheim",2008-11,359800
"LA-LB-Anaheim",2008-12,353000
"LA-LB-Anaheim",2009-01,346100
"LA-LB-Anaheim",2009-02,340400
"LA-LB-Anaheim",2009-03,335900
"LA-LB-Anaheim",2009-04,331400
"LA-LB-Anaheim",2009-05,327200
"LA-LB-Anaheim",2009-06,323700
"LA-LB-Anaheim",2009-07,321100
"LA-LB-Anaheim",2009-08,319400
"LA-LB-Anaheim",2009-09,318300
"LA-LB-Anaheim",2009-10,317800
"LA-LB-Anaheim",2009-11,316500
"LA-LB-Anaheim",2009-12,320400
"LA-LB-Anaheim",2010-01,328100
"LA-LB-Anaheim",2010-02,332300
"LA-LB-Anaheim",2010-03,331500
"LA-LB-Anaheim",2010-04,331800
"LA-LB-Anaheim",2010-05,331600
"LA-LB-Anaheim",2010-06,330700
"LA-LB-Anaheim",2010-07,329300
"LA-LB-Anaheim",2010-08,327700
"LA-LB-Anaheim",2010-09,325600
"LA-LB-Anaheim",2010-10,323600
"LA-LB-Anaheim",2010-11,322700
"LA-LB-Anaheim",2010-12,322000
"LA-LB-Anaheim",2011-01,320300
"LA-LB-Anaheim",2011-02,318000
"LA-LB-Anaheim",2011-03,315600
"LA-LB-Anaheim",2011-04,312700
"LA-LB-Anaheim",2011-05,310400
"LA-LB-Anaheim",2011-06,308400
"LA-LB-Anaheim",2011-07,306400
"LA-LB-Anaheim",2011-08,304300
"LA-LB-Anaheim",2011-09,302600
"LA-LB-Anaheim",2011-10,301100
"LA-LB-Anaheim",2011-11,299900
"LA-LB-Anaheim",2011-12,298200
"LA-LB-Anaheim",2012-01,296400
"LA-LB-Anaheim",2012-02,295600
"LA-LB-Anaheim",2012-03,296000
"LA-LB-Anaheim",2012-04,297500
"LA-LB-Anaheim",2012-05,299700
"LA-LB-Anaheim",2012-06,302100
"LA-LB-Anaheim",2012-07,305000
"LA-LB-Anaheim",2012-08,307900
"LA-LB-Anaheim",2012-09,310100
"LA-LB-Anaheim",2012-10,312000
"LA-LB-Anaheim",2012-11,314900
"LA-LB-Anaheim",2012-12,318400
"LA-LB-Anaheim",2013-01,321900
"LA-LB-Anaheim",2013-02,326600
"LA-LB-Anaheim",2013-03,333800
"LA-LB-Anaheim",2013-04,341900
"LA-LB-Anaheim",2013-05,350300
"LA-LB-Anaheim",2013-06,358700
"LA-LB-Anaheim",2013-07,365800
"LA-LB-Anaheim",2013-08,372000
"LA-LB-Anaheim",2013-09,377800
"LA-LB-Anaheim",2013-10,382600
"LA-LB-Anaheim",2013-11,386000
"LA-LB-Anaheim",2013-12,388000
"LA-LB-Anaheim",2014-01,389500
"LA-LB-Anaheim",2014-02,391500
"LA-LB-Anaheim",2014-03,394000
"LA-LB-Anaheim",2014-04,396200
"LA-LB-Anaheim",2014-05,397800
"LA-LB-Anaheim",2014-06,399300
"LA-LB-Anaheim",2014-07,401200
"LA-LB-Anaheim",2014-08,403300
"LA-LB-Anaheim",2014-09,405100
"LA-LB-Anaheim",2014-10,406800
"LA-LB-Anaheim",2014-11,408300
"LA-LB-Anaheim",2014-12,409600
"LA-LB-Anaheim",2015-01,411200
"LA-LB-Anaheim",2015-02,414200
"LA-LB-Anaheim",2015-03,417300
"LA-LB-Anaheim",2015-04,419900
"LA-LB-Anaheim",2015-05,421900
"LA-LB-Anaheim",2015-06,424100
"LA-LB-Anaheim",2015-07,426700
"LA-LB-Anaheim",2015-08,429500
"LA-LB-Anaheim",2015-09,432300
"LA-LB-Anaheim",2015-10,435600
"LA-LB-Anaheim",2015-11,439000
"LA-LB-Anaheim",2015-12,441700
"LA-LB-Anaheim",2016-01,444000
"LA-LB-Anaheim",2016-02,446600
"LA-LB-Anaheim",2016-03,449300
"LA-LB-Anaheim",2016-04,451700
"LA-LB-Anaheim",2016-05,453700
"LA-LB-Anaheim",2016-06,456500
"LA-LB-Anaheim",2016-07,460000
"LA-LB-Anaheim",2016-08,463400
"LA-LB-Anaheim",2016-09,466300
"LA-LB-Anaheim",2016-10,469800
"LA-LB-Anaheim",2016-11,473600
"LA-LB-Anaheim",2016-12,476500
"LA-LB-Anaheim",2017-01,478100
"LA-LB-Anaheim",2017-02,480500
"LA-LB-Anaheim",2017-03,484300
"LA-LB-Anaheim",2017-04,487900
"LA-LB-Anaheim",2017-05,491000
"LA-LB-Anaheim",2017-06,493400
"United States",1996-04,77700
"United States",1996-05,77700
"United States",1996-06,77700
"United States",1996-07,77600
"United States",1996-08,77600
"United States",1996-09,77500
"United States",1996-10,77600
"United States",1996-11,77800
"United States",1996-12,77700
"United States",1997-01,77800
"United States",1997-02,78300
"United States",1997-03,78700
"United States",1997-04,78900
"United States",1997-05,79400
"United States",1997-06,79600
"United States",1997-07,79800
"United States",1997-08,80100
"United States",1997-09,80400
"United States",1997-10,80600
"United States",1997-11,81000
"United States",1997-12,81500
"United States",1998-01,81900
"United States",1998-02,82400
"United States",1998-03,82700
"United States",1998-04,82600
"United States",1998-05,82300
"United States",1998-06,82700
"United States",1998-07,83400
"United States",1998-08,83800
"United States",1998-09,84100
"United States",1998-10,84600
"United States",1998-11,84900
"United States",1998-12,85200
"United States",1999-01,85500
"United States",1999-02,85900
"United States",1999-03,86300
"United States",1999-04,86900
"United States",1999-05,87400
"United States",1999-06,87800
"United States",1999-07,88200
"United States",1999-08,88600
"United States",1999-09,89000
"United States",1999-10,89300
"United States",1999-11,89600
"United States",1999-12,90100
"United States",2000-01,90800
"United States",2000-02,91300
"United States",2000-03,91900
"United States",2000-04,92500
"United States",2000-05,93200
"United States",2000-06,93900
"United States",2000-07,94400
"United States",2000-08,94900
"United States",2000-09,95500
"United States",2000-10,96100
"United States",2000-11,96600
"United States",2000-12,97400
"United States",2001-01,98100
"United States",2001-02,98700
"United States",2001-03,99400
"United States",2001-04,100200
"United States",2001-05,100900
"United States",2001-06,101600
"United States",2001-07,102200
"United States",2001-08,102900
"United States",2001-09,103500
"United States",2001-10,104100
"United States",2001-11,104600
"United States",2001-12,105300
"United States",2002-01,106300
"United States",2002-02,107100
"United States",2002-03,107700
"United States",2002-04,108200
"United States",2002-05,108800
"United States",2002-06,109400
"United States",2002-07,110100
"United States",2002-08,110800
"United States",2002-09,111800
"United States",2002-10,112800
"United States",2002-11,113700
"United States",2002-12,114600
"United States",2003-01,115400
"United States",2003-02,116200
"United States",2003-03,116900
"United States",2003-04,117800
"United States",2003-05,118900
"United States",2003-06,119800
"United States",2003-07,120600
"United States",2003-08,121500
"United States",2003-09,122400
"United States",2003-10,123200
"United States",2003-11,124100
"United States",2003-12,125000
"United States",2004-01,125800
"United States",2004-02,126900
"United States",2004-03,128200
"United States",2004-04,129400
"United States",2004-05,130600
"United States",2004-06,131800
"United States",2004-07,133200
"United States",2004-08,134800
"United States",2004-09,136200
"United States",2004-10,137500
"United States",2004-11,139200
"United States",2004-12,140900
"United States",2005-01,142100
"United States",2005-02,143500
"United States",2005-03,145300
"United States",2005-04,147000
"United States",2005-05,148400
"United States",2005-06,150300
"United States",2005-07,152400
"United States",2005-08,154200
"United States",2005-09,155900
"United States",2005-10,157400
"United States",2005-11,158900
"United States",2005-12,160300
"United States",2006-01,161500
"United States",2006-02,162500
"United States",2006-03,163600
"United States",2006-04,164600
"United States",2006-05,165400
"United States",2006-06,166000
"United States",2006-07,166200
"United States",2006-08,166400
"United States",2006-09,166700
"United States",2006-10,167000
"United States",2006-11,167000
"United States",2006-12,166800
"United States",2007-01,166600
"United States",2007-02,166500
"United States",2007-03,166500
"United States",2007-04,166500
"United States",2007-05,166400
"United States",2007-06,166100
"United States",2007-07,165400
"United States",2007-08,164500
"United States",2007-09,163600
"United States",2007-10,162700
"United States",2007-11,161600
"United States",2007-12,160100
"United States",2008-01,158900
"United States",2008-02,157600
"United States",2008-03,155600
"United States",2008-04,153600
"United States",2008-05,152100
"United States",2008-06,150500
"United States",2008-07,148800
"United States",2008-08,147300
"United States",2008-09,145900
"United States",2008-10,144500
"United States",2008-11,143200
"United States",2008-12,141900
"United States",2009-01,140500
"United States",2009-02,139200
"United States",2009-03,138000
"United States",2009-04,136500
"United States",2009-05,135000
"United States",2009-06,133500
"United States",2009-07,132300
"United States",2009-08,131300
"United States",2009-09,130500
"United States",2009-10,129800
"United States",2009-11,129000
"United States",2009-12,128700
"United States",2010-01,128700
"United States",2010-02,128300
"United States",2010-03,127500
"United States",2010-04,127100
"United States",2010-05,126700
"United States",2010-06,126200
"United States",2010-07,125500
"United States",2010-08,124700
"United States",2010-09,123900
"United States",2010-10,123100
"United States",2010-11,122300
"United States",2010-12,121600
"United States",2011-01,120800
"United States",2011-02,120100
"United States",2011-03,119500
"United States",2011-04,118700
"United States",2011-05,117900
"United States",2011-06,117400
"United States",2011-07,116900
"United States",2011-08,116400
"United States",2011-09,115800
"United States",2011-10,115200
"United States",2011-11,114800
"United States",2011-12,114600
"United States",2012-01,114300
"United States",2012-02,114200
"United States",2012-03,114200
"United States",2012-04,114400
"United States",2012-05,114500
"United States",2012-06,114700
"United States",2012-07,115000
"United States",2012-08,115600
"United States",2012-09,116000
"United States",2012-10,116300
"United States",2012-11,116700
"United States",2012-12,117100
"United States",2013-01,117700
"United States",2013-02,118300
"United States",2013-03,119000
"United States",2013-04,119800
"United States",2013-05,120600
"United States",2013-06,121300
"United States",2013-07,122200
"United States",2013-08,123000
"United States",2013-09,123800
"United States",2013-10,124600
"United States",2013-11,125200
"United States",2013-12,125500
"United States",2014-01,126000
"United States",2014-02,126600
"United States",2014-03,127200
"United States",2014-04,127600
"United States",2014-05,128000
"United States",2014-06,128700
"United States",2014-07,129400
"United States",2014-08,130000
"United States",2014-09,130600
"United States",2014-10,131100
"United States",2014-11,131600
"United States",2014-12,132000
"United States",2015-01,132500
"United States",2015-02,133000
"United States",2015-03,133700
"United States",2015-04,134700
"United States",2015-05,135700
"United States",2015-06,136600
"United States",2015-07,137300
"United States",2015-08,138200
"United States",2015-09,139200
"United States",2015-10,139900
"United States",2015-11,140600
"United States",2015-12,141200
"United States",2016-01,141800
"United States",2016-02,142300
"United States",2016-03,143100
"United States",2016-04,143700
"United States",2016-05,144500
"United States",2016-06,145500
"United States",2016-07,146700
"United States",2016-08,147800
"United States",2016-09,148800
"United States",2016-10,149900
"United States",2016-11,151100
"United States",2016-12,152200
"United States",2017-01,153000
"United States",2017-02,153600
"United States",2017-03,154300
"United States",2017-04,155200
"United States",2017-05,156400
"United States",2017-06,157300
